{
  "best": {
    "news": 0.45,
    "trend": 0.2,
    "hist": 0.2,
    "risk": 0.15,
    "ret": 81.01228960000009,
    "sharp": 5.1502383059974946e-06,
    "tag": "n45t20h20"
  },
  "validate": {
    "ret": 5.431833999999891,
    "sharp": 4.2437624313165345e-07
  }
}